<?xml version="1.0" encoding="UTF-8"?>
<project-private xmlns="http://www.netbeans.org/ns/project-private/1">
    <editor-bookmarks xmlns="http://www.netbeans.org/ns/editor-bookmarks/2" lastBookmarkId="185">
        <file>
            <url>file:/C:/microchip/harmony/v1_06_02/apps/gstProgrammer/firmware/src/PCB_Peripherals.c</url>
            <bookmark id="175">
                <name/>
                <line>364</line>
                <key/>
            </bookmark>
            <bookmark id="174">
                <name/>
                <line>1246</line>
                <key/>
            </bookmark>
        </file>
        <file>
            <url>file:/C:/microchip/harmony/v1_06_02/apps/gstProgrammer/firmware/src/led.c</url>
            <bookmark id="112">
                <name/>
                <line>33</line>
                <key/>
            </bookmark>
        </file>
        <file>
            <url>file:/C:/microchip/harmony/v1_06_02/apps/gstProgrammer/firmware/src/main.c</url>
            <bookmark id="182">
                <name/>
                <line>230</line>
                <key/>
            </bookmark>
            <bookmark id="183">
                <name/>
                <line>331</line>
                <key/>
            </bookmark>
            <bookmark id="184">
                <name/>
                <line>1519</line>
                <key/>
            </bookmark>
            <bookmark id="185">
                <name/>
                <line>1537</line>
                <key/>
            </bookmark>
        </file>
        <file>
            <url>file:/C:/microchip/harmony/v1_06_02/apps/gstProgrammer/firmware/src/system_config/default/system_interrupt.c</url>
            <bookmark id="168">
                <name/>
                <line>173</line>
                <key/>
            </bookmark>
        </file>
        <file>
            <url>file:/C:/microchip/harmony/v1_06_02/apps/gstProgrammer/firmware/src/app.c</url>
            <bookmark id="178">
                <name/>
                <line>1101</line>
                <key/>
            </bookmark>
            <bookmark id="176">
                <name/>
                <line>1117</line>
                <key/>
            </bookmark>
        </file>
        <file>
            <url>file:/C:/microchip/harmony/v1_06_02/apps/gstProgrammer/firmware/src/Calibrate.c</url>
            <bookmark id="149">
                <name/>
                <line>433</line>
                <key/>
            </bookmark>
            <bookmark id="139">
                <name/>
                <line>705</line>
                <key/>
            </bookmark>
            <bookmark id="148">
                <name/>
                <line>705</line>
                <key/>
            </bookmark>
            <bookmark id="167">
                <name/>
                <line>780</line>
                <key/>
            </bookmark>
            <bookmark id="166">
                <name/>
                <line>855</line>
                <key/>
            </bookmark>
        </file>
    </editor-bookmarks>
    <open-files xmlns="http://www.netbeans.org/ns/projectui-open-files/2">
        <group>
            <file>file:/C:/microchip/harmony/v1_06_02/framework/usb/src/dynamic/usb_device.c</file>
            <file>file:/C:/microchip/harmony/v1_06_02/apps/gstProgrammer_Master_Base3.01_TF_FW_Ver4.4.3/firmware/src/main.c</file>
            <file>file:/C:/microchip/harmony/v1_06_02/apps/gstProgrammer_Master_Base3.01_TF_FW_Ver4.4.3/firmware/src/system_config/default/system_definitions.h</file>
            <file>file:/C:/microchip/harmony/v1_06_02/apps/gstProgrammer_Master_Base3.01_TF_FW_Ver4.4.3/firmware/src/system_config/default/system_config.h</file>
            <file>file:/C:/microchip/harmony/v1_06_02/bsp/pic32mx_125_sk/bsp_config.h</file>
            <file>file:/C:/microchip/harmony/v1_06_02/apps/gstProgrammer_Master_Base3.01_TF_FW_Ver4.4.3/firmware/src/PCB_Peripherals.c</file>
            <file>file:/C:/microchip/harmony/v1_06_02/bsp/pic32mx_125_sk/bsp_sys_init.c</file>
            <file>file:/C:/microchip/harmony/v1_06_02/apps/gstProgrammer_Master_Base3.01_TF_FW_Ver4.4.3/firmware/src/globals.h</file>
        </group>
    </open-files>
</project-private>
