<?xml version="1.0" encoding="UTF-8" standalone="no"?>
<configuration version="1.0.7.9">
  <General>
    <HarmonyPath path="../.."/>
    <ForceOptimization flag="true"/>
  </General>
  <Manifest>
    <Files>
      <File>
        <Name>sys_module.h</Name>
        <Path>Header Files/framework/system/common</Path>
      </File>
      <File>
        <Name>sys_int.h</Name>
        <Path>Header Files/framework/system/int</Path>
      </File>
      <File>
        <Name>usb_device_hid.c</Name>
        <Path>Source Files/framework/usb/src/dynamic</Path>
      </File>
      <File>
        <Name>drv_usb.h</Name>
        <Path>Header Files/framework/driver/usb</Path>
      </File>
      <File>
        <Name>sys_common.h</Name>
        <Path>Header Files/framework/system/common</Path>
      </File>
      <File>
        <Name>sys_ports.c</Name>
        <Path>Source Files/framework/system/ports/src</Path>
      </File>
      <File>
        <Name>system.h</Name>
        <Path>Header Files/framework/system</Path>
      </File>
      <File>
        <Name>usb_device.c</Name>
        <Path>Source Files/framework/usb/src/dynamic</Path>
      </File>
      <File>
        <Name>usb_hid.h</Name>
        <Path>Header Files/framework/usb</Path>
      </File>
      <File>
        <Name>drv_usbfs_device.c</Name>
        <Path>Source Files/framework/driver/usb/usbfs/src/dynamic</Path>
      </File>
      <File>
        <Name>driver.h</Name>
        <Path>Header Files/framework/driver</Path>
      </File>
      <File>
        <Name>bsp_sys_init.c</Name>
        <Path>Source Files/bsp/pic32mx_125_sk</Path>
      </File>
      <File>
        <Name>sys_devcon.c</Name>
        <Path>Source Files/framework/system/devcon/src</Path>
      </File>
      <File>
        <Name>usb_device.h</Name>
        <Path>Header Files/framework/usb</Path>
      </File>
      <File>
        <Name>usb_device_hid.h</Name>
        <Path>Header Files/framework/usb</Path>
      </File>
      <File>
        <Name>sys_ports.h</Name>
        <Path>Header Files/framework/system/ports</Path>
      </File>
      <File>
        <Name>sys_int_pic32.c</Name>
        <Path>Source Files/framework/system/int/src</Path>
      </File>
      <File>
        <Name>sys_devcon.h</Name>
        <Path>Header Files/framework/system/devcon</Path>
      </File>
      <File>
        <Name>sys_devcon_pic32mx.c</Name>
        <Path>Source Files/framework/system/devcon/src</Path>
      </File>
      <File>
        <Name>drv_usbfs.c</Name>
        <Path>Source Files/framework/driver/usb/usbfs/src/dynamic</Path>
      </File>
      <File>
        <Name>bsp_config.h</Name>
        <Path>Header Files/bsp/pic32mx_125_sk</Path>
      </File>
    </Files>
    <Templates>
      <Template>
        <Name>main.c</Name>
        <Path>Source Files/app</Path>
      </Template>
      <Template>
        <Name>system_exceptions.c</Name>
        <Path>Source Files/app/system_config/default</Path>
        <Checksum>C111969CA43D6CEA1E9E33A6164E7AE0</Checksum>
      </Template>
      <Template>
        <Name>system_config.h</Name>
        <Path>Header Files/app/system_config/default</Path>
        <Checksum>7EDCCD3ECB46B8F921F7B18637D39D5D</Checksum>
      </Template>
      <Template>
        <Name>drv_spi_static.c</Name>
        <Path>Source Files/app/system_config/default/framework/driver/spi/src</Path>
        <Checksum>A1893FAC7982C8059BEEE85435D7B5B7</Checksum>
      </Template>
      <Template>
        <Name>drv_usart_static.h</Name>
        <Path>Header Files/app/system_config/default/framework/driver/usart</Path>
        <Checksum>245B3EB3E5F71E71AF486B74CBED2C77</Checksum>
      </Template>
      <Template>
        <Name>system_interrupt.c</Name>
        <Path>Source Files/app/system_config/default</Path>
        <Checksum>CCCB614B372DD0D3E7F613BA3D502DA7</Checksum>
      </Template>
      <Template>
        <Name>sys_clk_static.h</Name>
        <Path>Header Files/app/system_config/default/framework/system/clk</Path>
        <Checksum>999179DADE9ECD59953526F5E9F83ACC</Checksum>
      </Template>
      <Template>
        <Name>app.h</Name>
        <Path>Header Files/app</Path>
      </Template>
      <Template>
        <Name>sys_ports_static.c</Name>
        <Path>Source Files/app/system_config/default/framework/system/ports/src</Path>
        <Checksum>41ACE7D92A251247CAB9045748183A0C</Checksum>
      </Template>
      <Template>
        <Name>system_tasks.c</Name>
        <Path>Source Files/app/system_config/default</Path>
        <Checksum>C051440866B3433982D20908212CADC7</Checksum>
      </Template>
      <Template>
        <Name>drv_spi_static.h</Name>
        <Path>Header Files/app/system_config/default/framework/driver/spi</Path>
        <Checksum>7FBADA6F631203224298F3B79346A413</Checksum>
      </Template>
      <Template>
        <Name>drv_tmr_static.c</Name>
        <Path>Source Files/app/system_config/default/framework/driver/tmr/src</Path>
        <Checksum>3F6EADF578EE4474A645E6425B553946</Checksum>
      </Template>
      <Template>
        <Name>drv_rtcc_static.h</Name>
        <Path>Header Files/app/system_config/default/framework/driver/rtcc</Path>
        <Checksum>FED59BF02817E49C245011170B963EE2</Checksum>
      </Template>
      <Template>
        <Name>app.c</Name>
        <Path>Source Files/app</Path>
      </Template>
      <Template>
        <Name>drv_rtcc_static.c</Name>
        <Path>Source Files/app/system_config/default/framework/driver/rtcc/src</Path>
        <Checksum>453CF0C5D4E222BBB2979F5FEE090DA4</Checksum>
      </Template>
      <Template>
        <Name>system_init.c</Name>
        <Path>Source Files/app/system_config/default</Path>
        <Checksum>7093511AFDCE4DE01627241DE8203248</Checksum>
      </Template>
      <Template>
        <Name>drv_usart_static.c</Name>
        <Path>Source Files/app/system_config/default/framework/driver/usart</Path>
        <Checksum>E78CAA9B8DB8C4EC479D09AB0B025BB6</Checksum>
      </Template>
      <Template>
        <Name>sys_clk_static.c</Name>
        <Path>Source Files/app/system_config/default/framework/system/clk/src</Path>
        <Checksum>27122BBFD483AF6F9CDC5E383D7ED156</Checksum>
      </Template>
      <Template>
        <Name>drv_tmr_static.h</Name>
        <Path>Header Files/app/system_config/default/framework/driver/tmr</Path>
        <Checksum>177FC65128845C63C95944989D7BF4D8</Checksum>
      </Template>
      <Template>
        <Name>system_definitions.h</Name>
        <Path>Header Files/app/system_config/default</Path>
        <Checksum>60D2D41BA5BDBAA322ACA3EFBA4B7968</Checksum>
      </Template>
    </Templates>
    <CompilerItems>
      <C32>
        <Include value="../../../../bsp/pic32mx_125_sk"/>
      </C32>
    </CompilerItems>
    <Libraries>
      <Library value="../../../../bin/framework/peripheral/PIC32MX570F512L_peripherals.a"/>
    </Libraries>
  </Manifest>
</configuration>
